home,away,line,p_over,p_under,bookmaker_odds_over,bookmaker_odds_under,imp_over,imp_under,mu_h0,mu_a0,mu_total_raw,split0,hybrid_used,mu_total_after_hybrid,emp_used,emp_fac_home,emp_fac_away,mu_total_after_emp,mismatch_used,mismatch_gap,mismatch_infl,mu_total_after_mismatch,chaos_factor,chaos_add,mu_total_after_chaos,tempo_used,tempo_factor,mu_total_after_tempo,soft_anchor_w,mu_total_pre_anchor,mu_total_post_anchor,clip_low,clip_high,mu_total_post_clip,split_final,mu_h_final,mu_a_final,alpha_base,alpha_used,alpha_squeeze,p_over_absdiff_5050,is_main_line,main_line,mu_match,mu_league,gameweek,home_team,away_team,league
Parma,Cagliari,7.5,0.71768,0.28232,1.303197404214261,3.198397792051331,0.7673434560000001,0.31265654400000004,5.435109375423975,4.337498491479086,9.772607866903062,0.5561575220705505,1.0,9.594389295268403,1.0,0.9936917315525547,1.0041746026625111,9.578505544331522,1.0,0.008469905931983712,1.0,9.578505544331522,1.0,0.0,9.578505544331522,0.0,1.0,9.578505544331522,0.12,9.578505544331522,9.489238725165585,7.774461538461538,9.894769230769231,9.489238725165585,0.5535655727439343,5.252915869800208,4.236322855365377,0.029999999845287513,0.023619999879324262,0.78,0.21767999999999998,False,9.5,9.48198,8.834615384615384,27,Parma,Cagliari,SA
Parma,Cagliari,8.5,0.59712,0.40288,1.5663161727232227,2.2647015000223205,0.6384407040000001,0.44155929600000005,5.435109375423975,4.337498491479086,9.772607866903062,0.5561575220705505,1.0,9.594389295268403,1.0,0.9936917315525547,1.0041746026625111,9.578505544331522,1.0,0.008469905931983712,1.0,9.578505544331522,1.0,0.0,9.578505544331522,0.0,1.0,9.578505544331522,0.12,9.578505544331522,9.489238725165585,7.774461538461538,9.894769230769231,9.489238725165585,0.5535655727439343,5.252915869800208,4.236322855365377,0.029999999845287513,0.023619999879324262,0.78,0.09711999999999998,False,9.5,9.48198,8.834615384615384,27,Parma,Cagliari,SA
Parma,Cagliari,9.5,0.4727,0.5273,1.9785883500243089,1.7403739395292455,0.50541084,0.57458916,5.435109375423975,4.337498491479086,9.772607866903062,0.5561575220705505,1.0,9.594389295268403,1.0,0.9936917315525547,1.0041746026625111,9.578505544331522,1.0,0.008469905931983712,1.0,9.578505544331522,1.0,0.0,9.578505544331522,0.0,1.0,9.578505544331522,0.12,9.578505544331522,9.489238725165585,7.774461538461538,9.894769230769231,9.489238725165585,0.5535655727439343,5.252915869800208,4.236322855365377,0.029999999845287513,0.023619999879324262,0.78,0.02729999999999999,True,9.5,9.48198,8.834615384615384,27,Parma,Cagliari,SA
Parma,Cagliari,10.5,0.3537,0.6463,2.644271170643174,1.424858735230413,0.37817604000000005,0.70182396,5.435109375423975,4.337498491479086,9.772607866903062,0.5561575220705505,1.0,9.594389295268403,1.0,0.9936917315525547,1.0041746026625111,9.578505544331522,1.0,0.008469905931983712,1.0,9.578505544331522,1.0,0.0,9.578505544331522,0.0,1.0,9.578505544331522,0.12,9.578505544331522,9.489238725165585,7.774461538461538,9.894769230769231,9.489238725165585,0.5535655727439343,5.252915869800208,4.236322855365377,0.029999999845287513,0.023619999879324262,0.78,0.14629999999999999,False,9.5,9.48198,8.834615384615384,27,Parma,Cagliari,SA
Parma,Cagliari,11.5,0.25404,0.74596,3.681619875045232,1.2370413241274498,0.27161956800000003,0.8083804320000001,5.435109375423975,4.337498491479086,9.772607866903062,0.5561575220705505,1.0,9.594389295268403,1.0,0.9936917315525547,1.0041746026625111,9.578505544331522,1.0,0.008469905931983712,1.0,9.578505544331522,1.0,0.0,9.578505544331522,0.0,1.0,9.578505544331522,0.12,9.578505544331522,9.489238725165585,7.774461538461538,9.894769230769231,9.489238725165585,0.5535655727439343,5.252915869800208,4.236322855365377,0.029999999845287513,0.023619999879324262,0.78,0.24596,False,9.5,9.48198,8.834615384615384,27,Parma,Cagliari,SA
Parma,Cagliari,12.5,0.17458,0.82542,5.3573073264777795,1.1193958042340797,0.18666093600000003,0.8933390640000001,5.435109375423975,4.337498491479086,9.772607866903062,0.5561575220705505,1.0,9.594389295268403,1.0,0.9936917315525547,1.0041746026625111,9.578505544331522,1.0,0.008469905931983712,1.0,9.578505544331522,1.0,0.0,9.578505544331522,0.0,1.0,9.578505544331522,0.12,9.578505544331522,9.489238725165585,7.774461538461538,9.894769230769231,9.489238725165585,0.5535655727439343,5.252915869800208,4.236322855365377,0.029999999845287513,0.023619999879324262,0.78,0.32542,False,9.5,9.48198,8.834615384615384,27,Parma,Cagliari,SA
Como,Lecce,7.5,0.6764,0.3236,1.3827302085400515,2.8027446269143304,0.72320688,0.35679312,5.975602195384977,3.2076062293672853,9.183208424752262,0.6507096342579399,1.0,9.116975747126256,1.0,1.0015018951099826,1.002584879347963,9.134117221176997,1.0,0.058676450863619584,1.0,9.134117221176997,1.0,0.0,9.134117221176997,0.0,1.0,9.134117221176997,0.12,9.134117221176997,9.098177000789603,7.774461538461538,9.894769230769231,9.098177000789603,0.6504639483774691,5.918036134970685,3.1801408658189176,0.029999999845287513,0.023619999879324262,0.78,0.1764,False,8.5,9.10348,8.834615384615384,27,Como,Lecce,SA
Como,Lecce,8.5,0.55118,0.44882,1.6968662017063223,2.0379949761956477,0.5893216560000001,0.49067834400000004,5.975602195384977,3.2076062293672853,9.183208424752262,0.6507096342579399,1.0,9.116975747126256,1.0,1.0015018951099826,1.002584879347963,9.134117221176997,1.0,0.058676450863619584,1.0,9.134117221176997,1.0,0.0,9.134117221176997,0.0,1.0,9.134117221176997,0.12,9.134117221176997,9.098177000789603,7.774461538461538,9.894769230769231,9.098177000789603,0.6504639483774691,5.918036134970685,3.1801408658189176,0.029999999845287513,0.023619999879324262,0.78,0.05118,True,8.5,9.10348,8.834615384615384,27,Como,Lecce,SA
Como,Lecce,9.5,0.42668,0.57332,2.1919909840079,1.6030939867841956,0.45620625600000003,0.6237937440000001,5.975602195384977,3.2076062293672853,9.183208424752262,0.6507096342579399,1.0,9.116975747126256,1.0,1.0015018951099826,1.002584879347963,9.134117221176997,1.0,0.058676450863619584,1.0,9.134117221176997,1.0,0.0,9.134117221176997,0.0,1.0,9.134117221176997,0.12,9.134117221176997,9.098177000789603,7.774461538461538,9.894769230769231,9.098177000789603,0.6504639483774691,5.918036134970685,3.1801408658189176,0.029999999845287513,0.023619999879324262,0.78,0.07332,False,8.5,9.10348,8.834615384615384,27,Como,Lecce,SA
Como,Lecce,10.5,0.31092,0.68908,3.0081008396259197,1.3376775106082641,0.33243566399999996,0.747564336,5.975602195384977,3.2076062293672853,9.183208424752262,0.6507096342579399,1.0,9.116975747126256,1.0,1.0015018951099826,1.002584879347963,9.134117221176997,1.0,0.058676450863619584,1.0,9.134117221176997,1.0,0.0,9.134117221176997,0.0,1.0,9.134117221176997,0.12,9.134117221176997,9.098177000789603,7.774461538461538,9.894769230769231,9.098177000789603,0.6504639483774691,5.918036134970685,3.1801408658189176,0.029999999845287513,0.023619999879324262,0.78,0.18908000000000003,False,8.5,9.10348,8.834615384615384,27,Como,Lecce,SA
Como,Lecce,11.5,0.21678,0.78322,4.314414212826326,1.1789410606148016,0.231781176,0.8482188240000001,5.975602195384977,3.2076062293672853,9.183208424752262,0.6507096342579399,1.0,9.116975747126256,1.0,1.0015018951099826,1.002584879347963,9.134117221176997,1.0,0.058676450863619584,1.0,9.134117221176997,1.0,0.0,9.134117221176997,0.0,1.0,9.134117221176997,0.12,9.134117221176997,9.098177000789603,7.774461538461538,9.894769230769231,9.098177000789603,0.6504639483774691,5.918036134970685,3.1801408658189176,0.029999999845287513,0.023619999879324262,0.78,0.28322,False,8.5,9.10348,8.834615384615384,27,Como,Lecce,SA
Como,Lecce,12.5,0.14306,0.85694,6.537667503540408,1.0787018170542255,0.152959752,0.9270402480000001,5.975602195384977,3.2076062293672853,9.183208424752262,0.6507096342579399,1.0,9.116975747126256,1.0,1.0015018951099826,1.002584879347963,9.134117221176997,1.0,0.058676450863619584,1.0,9.134117221176997,1.0,0.0,9.134117221176997,0.0,1.0,9.134117221176997,0.12,9.134117221176997,9.098177000789603,7.774461538461538,9.894769230769231,9.098177000789603,0.6504639483774691,5.918036134970685,3.1801408658189176,0.029999999845287513,0.023619999879324262,0.78,0.35694000000000004,False,8.5,9.10348,8.834615384615384,27,Como,Lecce,SA
Hellas Verona,Napoli,7.5,0.6366,0.36339999999999995,1.469177997261217,2.50408616780863,0.6806527200000001,0.39934727999999997,3.3291793409368746,5.499574564931102,8.828753905867977,0.37708371718506684,1.0,8.829867586829984,1.0,1.0040699057176337,0.9822642904584475,8.745867581145893,1.0,0.28385755789940803,1.0,8.745867581145893,1.0,0.0,8.745867581145893,0.0,1.0,8.745867581145893,0.055,8.745867581145893,8.750748710336714,7.774461538461538,9.894769230769231,8.750748710336714,0.38225486677803905,3.3450162824778573,5.405732427858856,0.029999999845287513,0.023619999879324262,0.78,0.13660000000000005,False,8.5,8.75452,8.834615384615384,27,Hellas Verona,Napoli,SA
Hellas Verona,Napoli,8.5,0.50528,0.49472000000000005,1.8510107525658859,1.852693715876346,0.540245376,0.5397546240000001,3.3291793409368746,5.499574564931102,8.828753905867977,0.37708371718506684,1.0,8.829867586829984,1.0,1.0040699057176337,0.9822642904584475,8.745867581145893,1.0,0.28385755789940803,1.0,8.745867581145893,1.0,0.0,8.745867581145893,0.0,1.0,8.745867581145893,0.055,8.745867581145893,8.750748710336714,7.774461538461538,9.894769230769231,8.750748710336714,0.38225486677803905,3.3450162824778573,5.405732427858856,0.029999999845287513,0.023619999879324262,0.78,0.005279999999999951,True,8.5,8.75452,8.834615384615384,27,Hellas Verona,Napoli,SA
Hellas Verona,Napoli,9.5,0.38268,0.61732,2.4440229775700084,1.490671651091056,0.40916145600000003,0.670838544,3.3291793409368746,5.499574564931102,8.828753905867977,0.37708371718506684,1.0,8.829867586829984,1.0,1.0040699057176337,0.9822642904584475,8.745867581145893,1.0,0.28385755789940803,1.0,8.745867581145893,1.0,0.0,8.745867581145893,0.0,1.0,8.745867581145893,0.055,8.745867581145893,8.750748710336714,7.774461538461538,9.894769230769231,8.750748710336714,0.38225486677803905,3.3450162824778573,5.405732427858856,0.029999999845287513,0.023619999879324262,0.78,0.11731999999999998,False,8.5,8.75452,8.834615384615384,27,Hellas Verona,Napoli,SA
Hellas Verona,Napoli,10.5,0.27204,0.7279599999999999,3.438019089312199,1.2672105696634615,0.29086516800000006,0.789134832,3.3291793409368746,5.499574564931102,8.828753905867977,0.37708371718506684,1.0,8.829867586829984,1.0,1.0040699057176337,0.9822642904584475,8.745867581145893,1.0,0.28385755789940803,1.0,8.745867581145893,1.0,0.0,8.745867581145893,0.0,1.0,8.745867581145893,0.055,8.745867581145893,8.750748710336714,7.774461538461538,9.894769230769231,8.750748710336714,0.38225486677803905,3.3450162824778573,5.405732427858856,0.029999999845287513,0.023619999879324262,0.78,0.22796,False,8.5,8.75452,8.834615384615384,27,Hellas Verona,Napoli,SA
Hellas Verona,Napoli,11.5,0.18406,0.81594,5.081379512422529,1.1322424693443767,0.19679695200000002,0.883203048,3.3291793409368746,5.499574564931102,8.828753905867977,0.37708371718506684,1.0,8.829867586829984,1.0,1.0040699057176337,0.9822642904584475,8.745867581145893,1.0,0.28385755789940803,1.0,8.745867581145893,1.0,0.0,8.745867581145893,0.0,1.0,8.745867581145893,0.055,8.745867581145893,8.750748710336714,7.774461538461538,9.894769230769231,8.750748710336714,0.38225486677803905,3.3450162824778573,5.405732427858856,0.029999999845287513,0.023619999879324262,0.78,0.31594,False,8.5,8.75452,8.834615384615384,27,Hellas Verona,Napoli,SA
Hellas Verona,Napoli,12.5,0.11842,0.88158,7.897979336737805,1.048893833626155,0.126614664,0.9533853360000001,3.3291793409368746,5.499574564931102,8.828753905867977,0.37708371718506684,1.0,8.829867586829984,1.0,1.0040699057176337,0.9822642904584475,8.745867581145893,1.0,0.28385755789940803,1.0,8.745867581145893,1.0,0.0,8.745867581145893,0.0,1.0,8.745867581145893,0.055,8.745867581145893,8.750748710336714,7.774461538461538,9.894769230769231,8.750748710336714,0.38225486677803905,3.3450162824778573,5.405732427858856,0.029999999845287513,0.023619999879324262,0.78,0.38158000000000003,False,8.5,8.75452,8.834615384615384,27,Hellas Verona,Napoli,SA
Inter Milan,Genoa,7.5,0.7528,0.24719999999999998,1.2423999907764223,3.6349593524305375,0.8048937600000001,0.27510624,7.769428421228295,2.5119341206257877,10.281362541854083,0.7,1.0,10.006480581978732,1.0,0.9950629826373438,0.9975229169837454,9.964462999187482,1.0,0.45196378427823447,1.0121571027422587,10.08560199964004,1.0,0.0,10.08560199964004,0.0,1.0,10.08560199964004,0.12,10.08560199964004,9.935483605837081,7.774461538461538,9.894769230769231,9.894769230769231,0.6994812354757938,6.921205406286331,2.9735638244828997,0.029999999845287513,0.023619999879324262,0.78,0.2528,False,9.5,9.90574,8.834615384615384,27,Inter Milan,Genoa,SA
Inter Milan,Genoa,8.5,0.64204,0.35795999999999994,1.4567296633488422,2.54109695781092,0.6864691680000001,0.39353083199999994,7.769428421228295,2.5119341206257877,10.281362541854083,0.7,1.0,10.006480581978732,1.0,0.9950629826373438,0.9975229169837454,9.964462999187482,1.0,0.45196378427823447,1.0121571027422587,10.08560199964004,1.0,0.0,10.08560199964004,0.0,1.0,10.08560199964004,0.12,10.08560199964004,9.935483605837081,7.774461538461538,9.894769230769231,9.894769230769231,0.6994812354757938,6.921205406286331,2.9735638244828997,0.029999999845287513,0.023619999879324262,0.78,0.14204000000000006,False,9.5,9.90574,8.834615384615384,27,Inter Milan,Genoa,SA
Inter Milan,Genoa,9.5,0.5242,0.4758,1.7842020470364186,1.9248338521915467,0.5604746400000001,0.5195253599999999,7.769428421228295,2.5119341206257877,10.281362541854083,0.7,1.0,10.006480581978732,1.0,0.9950629826373438,0.9975229169837454,9.964462999187482,1.0,0.45196378427823447,1.0121571027422587,10.08560199964004,1.0,0.0,10.08560199964004,0.0,1.0,10.08560199964004,0.12,10.08560199964004,9.935483605837081,7.774461538461538,9.894769230769231,9.894769230769231,0.6994812354757938,6.921205406286331,2.9735638244828997,0.029999999845287513,0.023619999879324262,0.78,0.0242,True,9.5,9.90574,8.834615384615384,27,Inter Milan,Genoa,SA
Inter Milan,Genoa,10.5,0.40624,0.5937600000000001,2.3022811959838787,1.5488311008853561,0.434351808,0.6456481920000001,7.769428421228295,2.5119341206257877,10.281362541854083,0.7,1.0,10.006480581978732,1.0,0.9950629826373438,0.9975229169837454,9.964462999187482,1.0,0.45196378427823447,1.0121571027422587,10.08560199964004,1.0,0.0,10.08560199964004,0.0,1.0,10.08560199964004,0.12,10.08560199964004,9.935483605837081,7.774461538461538,9.894769230769231,9.894769230769231,0.6994812354757938,6.921205406286331,2.9735638244828997,0.029999999845287513,0.023619999879324262,0.78,0.09376000000000001,False,9.5,9.90574,8.834615384615384,27,Inter Milan,Genoa,SA
Inter Milan,Genoa,11.5,0.30028,0.69972,3.114688667432033,1.317626133556398,0.321059376,0.7589406240000001,7.769428421228295,2.5119341206257877,10.281362541854083,0.7,1.0,10.006480581978732,1.0,0.9950629826373438,0.9975229169837454,9.964462999187482,1.0,0.45196378427823447,1.0121571027422587,10.08560199964004,1.0,0.0,10.08560199964004,0.0,1.0,10.08560199964004,0.12,10.08560199964004,9.935483605837081,7.774461538461538,9.894769230769231,9.894769230769231,0.6994812354757938,6.921205406286331,2.9735638244828997,0.029999999845287513,0.023619999879324262,0.78,0.19972,False,9.5,9.90574,8.834615384615384,27,Inter Milan,Genoa,SA
Inter Milan,Genoa,12.5,0.21226,0.78774,4.406288104477955,1.172262018642136,0.22694839200000003,0.853051608,7.769428421228295,2.5119341206257877,10.281362541854083,0.7,1.0,10.006480581978732,1.0,0.9950629826373438,0.9975229169837454,9.964462999187482,1.0,0.45196378427823447,1.0121571027422587,10.08560199964004,1.0,0.0,10.08560199964004,0.0,1.0,10.08560199964004,0.12,10.08560199964004,9.935483605837081,7.774461538461538,9.894769230769231,9.894769230769231,0.6994812354757938,6.921205406286331,2.9735638244828997,0.029999999845287513,0.023619999879324262,0.78,0.28774,False,9.5,9.90574,8.834615384615384,27,Inter Milan,Genoa,SA
Cremonese,Ac Milan,7.5,0.70798,0.29201999999999995,1.3210524493015208,3.095708943723553,0.7569722160000001,0.323027784,3.6790855858295592,5.836704758057935,9.515790343887494,0.38662953395067545,1.0,9.386367101625792,1.0,1.0027714602754698,0.9999591238870794,9.396189523620656,1.0,0.41276495912684463,1.0090211967301477,9.48095439782699,1.0,0.0,9.48095439782699,0.0,1.0,9.48095439782699,0.12,9.48095439782699,9.403393716241597,7.774461538461538,9.894769230769231,9.403393716241597,0.3872957742833432,3.6418946502229135,5.7614990660186844,0.029999999845287513,0.023619999879324262,0.78,0.20798000000000005,False,9.5,9.43288,8.834615384615384,27,Cremonese,Ac Milan,SA
Cremonese,Ac Milan,8.5,0.58872,0.41128,1.5886647524400235,2.2195559140937395,0.6294594240000001,0.450540576,3.6790855858295592,5.836704758057935,9.515790343887494,0.38662953395067545,1.0,9.386367101625792,1.0,1.0027714602754698,0.9999591238870794,9.396189523620656,1.0,0.41276495912684463,1.0090211967301477,9.48095439782699,1.0,0.0,9.48095439782699,0.0,1.0,9.48095439782699,0.12,9.48095439782699,9.403393716241597,7.774461538461538,9.894769230769231,9.403393716241597,0.3872957742833432,3.6418946502229135,5.7614990660186844,0.029999999845287513,0.023619999879324262,0.78,0.08872000000000002,False,9.5,9.43288,8.834615384615384,27,Cremonese,Ac Milan,SA
Cremonese,Ac Milan,9.5,0.46572,0.53428,2.008242534261983,1.7180590353123255,0.49794782400000004,0.582052176,3.6790855858295592,5.836704758057935,9.515790343887494,0.38662953395067545,1.0,9.386367101625792,1.0,1.0027714602754698,0.9999591238870794,9.396189523620656,1.0,0.41276495912684463,1.0090211967301477,9.48095439782699,1.0,0.0,9.48095439782699,0.0,1.0,9.48095439782699,0.12,9.48095439782699,9.403393716241597,7.774461538461538,9.894769230769231,9.403393716241597,0.3872957742833432,3.6418946502229135,5.7614990660186844,0.029999999845287513,0.023619999879324262,0.78,0.03427999999999998,True,9.5,9.43288,8.834615384615384,27,Cremonese,Ac Milan,SA
Cremonese,Ac Milan,10.5,0.35196,0.64804,2.6573437693388193,1.4210916789898052,0.376315632,0.703684368,3.6790855858295592,5.836704758057935,9.515790343887494,0.38662953395067545,1.0,9.386367101625792,1.0,1.0027714602754698,0.9999591238870794,9.396189523620656,1.0,0.41276495912684463,1.0090211967301477,9.48095439782699,1.0,0.0,9.48095439782699,0.0,1.0,9.48095439782699,0.12,9.48095439782699,9.403393716241597,7.774461538461538,9.894769230769231,9.403393716241597,0.3872957742833432,3.6418946502229135,5.7614990660186844,0.029999999845287513,0.023619999879324262,0.78,0.14804,False,9.5,9.43288,8.834615384615384,27,Cremonese,Ac Milan,SA
Cremonese,Ac Milan,11.5,0.2516,0.7484,3.7173239787618866,1.2330619216076444,0.26901072000000004,0.81098928,3.6790855858295592,5.836704758057935,9.515790343887494,0.38662953395067545,1.0,9.386367101625792,1.0,1.0027714602754698,0.9999591238870794,9.396189523620656,1.0,0.41276495912684463,1.0090211967301477,9.48095439782699,1.0,0.0,9.48095439782699,0.0,1.0,9.48095439782699,0.12,9.48095439782699,9.403393716241597,7.774461538461538,9.894769230769231,9.403393716241597,0.3872957742833432,3.6418946502229135,5.7614990660186844,0.029999999845287513,0.023619999879324262,0.78,0.2484,False,9.5,9.43288,8.834615384615384,27,Cremonese,Ac Milan,SA
Cremonese,Ac Milan,12.5,0.17126,0.82874,5.46116263608835,1.1149654127471282,0.183111192,0.8968888080000001,3.6790855858295592,5.836704758057935,9.515790343887494,0.38662953395067545,1.0,9.386367101625792,1.0,1.0027714602754698,0.9999591238870794,9.396189523620656,1.0,0.41276495912684463,1.0090211967301477,9.48095439782699,1.0,0.0,9.48095439782699,0.0,1.0,9.48095439782699,0.12,9.48095439782699,9.403393716241597,7.774461538461538,9.894769230769231,9.403393716241597,0.3872957742833432,3.6418946502229135,5.7614990660186844,0.029999999845287513,0.023619999879324262,0.78,0.32874000000000003,False,9.5,9.43288,8.834615384615384,27,Cremonese,Ac Milan,SA
Sassuolo,Atalanta,7.5,0.66642,0.33358,1.4034373414010546,2.72135697221562,0.712536264,0.367463736,4.0701145589635015,5.035637033187862,9.105751592151364,0.44698282374315007,1.0,9.054235712719528,1.0,0.9906054023161979,1.0070610067219823,9.051570455365031,1.0,0.22891086645569653,1.0,9.051570455365031,1.0,0.0,9.051570455365031,0.0,1.0,9.051570455365031,0.12,9.051570455365031,9.025535846875073,7.774461538461538,9.894769230769231,9.025535846875073,0.4429139786709359,3.9975359915765933,5.027999855298479,0.029999999845287513,0.023619999879324262,0.78,0.16642,False,8.5,9.01456,8.834615384615384,27,Sassuolo,Atalanta,SA
Sassuolo,Atalanta,8.5,0.53988,0.46012,1.732382590680319,1.9890194035685043,0.5772396960000001,0.502760304,4.0701145589635015,5.035637033187862,9.105751592151364,0.44698282374315007,1.0,9.054235712719528,1.0,0.9906054023161979,1.0070610067219823,9.051570455365031,1.0,0.22891086645569653,1.0,9.051570455365031,1.0,0.0,9.051570455365031,0.0,1.0,9.051570455365031,0.12,9.051570455365031,9.025535846875073,7.774461538461538,9.894769230769231,9.025535846875073,0.4429139786709359,3.9975359915765933,5.027999855298479,0.029999999845287513,0.023619999879324262,0.78,0.03988000000000003,True,8.5,9.01456,8.834615384615384,27,Sassuolo,Atalanta,SA
Sassuolo,Atalanta,9.5,0.41558,0.5844199999999999,2.250538315261781,1.5731634326894275,0.444338136,0.635661864,4.0701145589635015,5.035637033187862,9.105751592151364,0.44698282374315007,1.0,9.054235712719528,1.0,0.9906054023161979,1.0070610067219823,9.051570455365031,1.0,0.22891086645569653,1.0,9.051570455365031,1.0,0.0,9.051570455365031,0.0,1.0,9.051570455365031,0.12,9.051570455365031,9.025535846875073,7.774461538461538,9.894769230769231,9.025535846875073,0.4429139786709359,3.9975359915765933,5.027999855298479,0.029999999845287513,0.023619999879324262,0.78,0.08442,False,8.5,9.01456,8.834615384615384,27,Sassuolo,Atalanta,SA
Sassuolo,Atalanta,10.5,0.30172,0.69828,3.0998233894222817,1.3203046096946143,0.322599024,0.7574009760000001,4.0701145589635015,5.035637033187862,9.105751592151364,0.44698282374315007,1.0,9.054235712719528,1.0,0.9906054023161979,1.0070610067219823,9.051570455365031,1.0,0.22891086645569653,1.0,9.051570455365031,1.0,0.0,9.051570455365031,0.0,1.0,9.051570455365031,0.12,9.051570455365031,9.025535846875073,7.774461538461538,9.894769230769231,9.025535846875073,0.4429139786709359,3.9975359915765933,5.027999855298479,0.029999999845287513,0.023619999879324262,0.78,0.19828,False,8.5,9.01456,8.834615384615384,27,Sassuolo,Atalanta,SA
Sassuolo,Atalanta,11.5,0.20722,0.79278,4.513457740838195,1.164903268715776,0.221559624,0.8584403760000001,4.0701145589635015,5.035637033187862,9.105751592151364,0.44698282374315007,1.0,9.054235712719528,1.0,0.9906054023161979,1.0070610067219823,9.051570455365031,1.0,0.22891086645569653,1.0,9.051570455365031,1.0,0.0,9.051570455365031,0.0,1.0,9.051570455365031,0.12,9.051570455365031,9.025535846875073,7.774461538461538,9.894769230769231,9.025535846875073,0.4429139786709359,3.9975359915765933,5.027999855298479,0.029999999845287513,0.023619999879324262,0.78,0.29278000000000004,False,8.5,9.01456,8.834615384615384,27,Sassuolo,Atalanta,SA
Sassuolo,Atalanta,12.5,0.1355,0.8645,6.902425926616168,1.069377581611154,0.14487660000000002,0.9351234000000002,4.0701145589635015,5.035637033187862,9.105751592151364,0.44698282374315007,1.0,9.054235712719528,1.0,0.9906054023161979,1.0070610067219823,9.051570455365031,1.0,0.22891086645569653,1.0,9.051570455365031,1.0,0.0,9.051570455365031,0.0,1.0,9.051570455365031,0.12,9.051570455365031,9.025535846875073,7.774461538461538,9.894769230769231,9.025535846875073,0.4429139786709359,3.9975359915765933,5.027999855298479,0.029999999845287513,0.023619999879324262,0.78,0.3645,False,8.5,9.01456,8.834615384615384,27,Sassuolo,Atalanta,SA
Torino,Lazio,7.5,0.63622,0.36378,1.4700555044740666,2.5015410994097023,0.6802464240000001,0.399753576,4.256430854525234,4.527246407448524,8.783677261973757,0.4845841584995556,1.0,8.793355505275667,1.0,0.9917482225907933,0.9997074749563916,8.75686789294133,1.0,0.19189399569489013,1.0,8.75686789294133,1.0,0.0,8.75686789294133,0.0,1.0,8.75686789294133,0.055,8.75686789294133,8.761144004983402,7.774461538461538,9.894769230769231,8.761144004983402,0.4825879537528255,4.2280225578987745,4.5331214470846275,0.029999999845287513,0.023619999879324262,0.78,0.13622,False,8.5,8.736,8.834615384615384,27,Torino,Lazio,SA
Torino,Lazio,8.5,0.50552,0.49448000000000003,1.8501319691733082,1.8535749351115314,0.540501984,0.539498016,4.256430854525234,4.527246407448524,8.783677261973757,0.4845841584995556,1.0,8.793355505275667,1.0,0.9917482225907933,0.9997074749563916,8.75686789294133,1.0,0.19189399569489013,1.0,8.75686789294133,1.0,0.0,8.75686789294133,0.0,1.0,8.75686789294133,0.055,8.75686789294133,8.761144004983402,7.774461538461538,9.894769230769231,8.761144004983402,0.4825879537528255,4.2280225578987745,4.5331214470846275,0.029999999845287513,0.023619999879324262,0.78,0.005519999999999969,True,8.5,8.736,8.834615384615384,27,Torino,Lazio,SA
Torino,Lazio,9.5,0.3795,0.6205,2.4645025376982628,1.483154479734622,0.40576140000000005,0.6742386,4.256430854525234,4.527246407448524,8.783677261973757,0.4845841584995556,1.0,8.793355505275667,1.0,0.9917482225907933,0.9997074749563916,8.75686789294133,1.0,0.19189399569489013,1.0,8.75686789294133,1.0,0.0,8.75686789294133,0.0,1.0,8.75686789294133,0.055,8.75686789294133,8.761144004983402,7.774461538461538,9.894769230769231,8.761144004983402,0.4825879537528255,4.2280225578987745,4.5331214470846275,0.029999999845287513,0.023619999879324262,0.78,0.1205,False,8.5,8.736,8.834615384615384,27,Torino,Lazio,SA
Torino,Lazio,10.5,0.27166,0.72834,3.4428282156242758,1.2665584660967781,0.29045887200000003,0.7895411280000001,4.256430854525234,4.527246407448524,8.783677261973757,0.4845841584995556,1.0,8.793355505275667,1.0,0.9917482225907933,0.9997074749563916,8.75686789294133,1.0,0.19189399569489013,1.0,8.75686789294133,1.0,0.0,8.75686789294133,0.0,1.0,8.75686789294133,0.055,8.75686789294133,8.761144004983402,7.774461538461538,9.894769230769231,8.761144004983402,0.4825879537528255,4.2280225578987745,4.5331214470846275,0.029999999845287513,0.023619999879324262,0.78,0.22834,False,8.5,8.736,8.834615384615384,27,Torino,Lazio,SA
Torino,Lazio,11.5,0.18356,0.81644,5.095220707433486,1.1315575411584138,0.19626235200000003,0.8837376480000001,4.256430854525234,4.527246407448524,8.783677261973757,0.4845841584995556,1.0,8.793355505275667,1.0,0.9917482225907933,0.9997074749563916,8.75686789294133,1.0,0.19189399569489013,1.0,8.75686789294133,1.0,0.0,8.75686789294133,0.0,1.0,8.75686789294133,0.055,8.75686789294133,8.761144004983402,7.774461538461538,9.894769230769231,8.761144004983402,0.4825879537528255,4.2280225578987745,4.5331214470846275,0.029999999845287513,0.023619999879324262,0.78,0.31644,False,8.5,8.736,8.834615384615384,27,Torino,Lazio,SA
Torino,Lazio,12.5,0.11664,0.88336,8.018507485052218,1.0468041721829058,0.12471148800000001,0.9552885120000001,4.256430854525234,4.527246407448524,8.783677261973757,0.4845841584995556,1.0,8.793355505275667,1.0,0.9917482225907933,0.9997074749563916,8.75686789294133,1.0,0.19189399569489013,1.0,8.75686789294133,1.0,0.0,8.75686789294133,0.0,1.0,8.75686789294133,0.055,8.75686789294133,8.761144004983402,7.774461538461538,9.894769230769231,8.761144004983402,0.4825879537528255,4.2280225578987745,4.5331214470846275,0.029999999845287513,0.023619999879324262,0.78,0.38336000000000003,False,8.5,8.736,8.834615384615384,27,Torino,Lazio,SA
Roma,Juventus,7.5,0.60668,0.39332,1.5416343262617702,2.3183688742991153,0.648662256,0.431337744,4.730600229342677,3.5643428122908865,8.294943041633564,0.5702993023097428,1.0,8.39748078680011,1.0,1.0219033718045822,0.9940605466751445,8.480945787143161,1.0,0.06470035479183125,1.0,8.480945787143161,1.0,0.0,8.480945787143161,0.0,1.0,8.480945787143161,0.055,8.480945787143161,8.500397615004132,7.774461538461538,9.894769230769231,8.500397615004132,0.5770552601486619,4.905199157093275,3.5951984579108576,0.029999999845287513,0.023619999879324262,0.78,0.10668,False,8.5,8.52744,8.834615384615384,27,Roma,Juventus,SA
Roma,Juventus,8.5,0.4764,0.5236000000000001,1.9632214799674452,1.7524394658340192,0.50936688,0.5706331200000001,4.730600229342677,3.5643428122908865,8.294943041633564,0.5702993023097428,1.0,8.39748078680011,1.0,1.0219033718045822,0.9940605466751445,8.480945787143161,1.0,0.06470035479183125,1.0,8.480945787143161,1.0,0.0,8.480945787143161,0.0,1.0,8.480945787143161,0.055,8.480945787143161,8.500397615004132,7.774461538461538,9.894769230769231,8.500397615004132,0.5770552601486619,4.905199157093275,3.5951984579108576,0.029999999845287513,0.023619999879324262,0.78,0.02360000000000001,True,8.5,8.52744,8.834615384615384,27,Roma,Juventus,SA
Roma,Juventus,9.5,0.35288,0.6471199999999999,2.6504157590582937,1.423080970757075,0.37729929600000006,0.702700704,4.730600229342677,3.5643428122908865,8.294943041633564,0.5702993023097428,1.0,8.39748078680011,1.0,1.0219033718045822,0.9940605466751445,8.480945787143161,1.0,0.06470035479183125,1.0,8.480945787143161,1.0,0.0,8.480945787143161,0.0,1.0,8.480945787143161,0.055,8.480945787143161,8.500397615004132,7.774461538461538,9.894769230769231,8.500397615004132,0.5770552601486619,4.905199157093275,3.5951984579108576,0.029999999845287513,0.023619999879324262,0.78,0.14711999999999997,False,8.5,8.52744,8.834615384615384,27,Roma,Juventus,SA
Roma,Juventus,10.5,0.24796,0.75204,3.7718935032121736,1.2271727943527588,0.2651188320000001,0.8148811680000001,4.730600229342677,3.5643428122908865,8.294943041633564,0.5702993023097428,1.0,8.39748078680011,1.0,1.0219033718045822,0.9940605466751445,8.480945787143161,1.0,0.06470035479183125,1.0,8.480945787143161,1.0,0.0,8.480945787143161,0.0,1.0,8.480945787143161,0.055,8.480945787143161,8.500397615004132,7.774461538461538,9.894769230769231,8.500397615004132,0.5770552601486619,4.905199157093275,3.5951984579108576,0.029999999845287513,0.023619999879324262,0.78,0.25204,False,8.5,8.52744,8.834615384615384,27,Roma,Juventus,SA
Roma,Juventus,11.5,0.16506,0.83494,5.666295365663944,1.1067849984519618,0.17648215200000003,0.9035178480000001,4.730600229342677,3.5643428122908865,8.294943041633564,0.5702993023097428,1.0,8.39748078680011,1.0,1.0219033718045822,0.9940605466751445,8.480945787143161,1.0,0.06470035479183125,1.0,8.480945787143161,1.0,0.0,8.480945787143161,0.0,1.0,8.480945787143161,0.055,8.480945787143161,8.500397615004132,7.774461538461538,9.894769230769231,8.500397615004132,0.5770552601486619,4.905199157093275,3.5951984579108576,0.029999999845287513,0.023619999879324262,0.78,0.33494,False,8.5,8.52744,8.834615384615384,27,Roma,Juventus,SA
Roma,Juventus,12.5,0.1037,0.8963,9.019081128799332,1.031859742689676,0.11087604000000001,0.9691239600000001,4.730600229342677,3.5643428122908865,8.294943041633564,0.5702993023097428,1.0,8.39748078680011,1.0,1.0219033718045822,0.9940605466751445,8.480945787143161,1.0,0.06470035479183125,1.0,8.480945787143161,1.0,0.0,8.480945787143161,0.0,1.0,8.480945787143161,0.055,8.480945787143161,8.500397615004132,7.774461538461538,9.894769230769231,8.500397615004132,0.5770552601486619,4.905199157093275,3.5951984579108576,0.029999999845287513,0.023619999879324262,0.78,0.3963,False,8.5,8.52744,8.834615384615384,27,Roma,Juventus,SA
Pisa,Bologna,7.5,0.61712,0.38288,1.515554046306214,2.379959054042054,0.659824704,0.420175296,3.472272254451075,5.111183147244911,8.583455401695986,0.40453082027606235,1.0,8.63117579845067,1.0,0.9984339178080577,0.9972178118199693,8.61140837040683,1.0,0.20004960628150373,1.0,8.61140837040683,1.0,0.0,8.61140837040683,0.0,1.0,8.61140837040683,0.055,8.61140837040683,8.6236847561883,7.774461538461538,9.894769230769231,8.6236847561883,0.40482443518749894,3.491078310658973,5.132606445529326,0.029999999845287513,0.023619999879324262,0.78,0.11712,False,8.5,8.59732,8.834615384615384,27,Pisa,Bologna,SA
Pisa,Bologna,8.5,0.4865,0.5135000000000001,1.9224639528396523,1.786243141272898,0.5201658,0.5598342000000001,3.472272254451075,5.111183147244911,8.583455401695986,0.40453082027606235,1.0,8.63117579845067,1.0,0.9984339178080577,0.9972178118199693,8.61140837040683,1.0,0.20004960628150373,1.0,8.61140837040683,1.0,0.0,8.61140837040683,0.0,1.0,8.61140837040683,0.055,8.61140837040683,8.6236847561883,7.774461538461538,9.894769230769231,8.6236847561883,0.40482443518749894,3.491078310658973,5.132606445529326,0.029999999845287513,0.023619999879324262,0.78,0.013500000000000012,True,8.5,8.59732,8.834615384615384,27,Pisa,Bologna,SA
Pisa,Bologna,9.5,0.36146,0.63854,2.587502664351493,1.4419049959712598,0.38647303200000005,0.693526968,3.472272254451075,5.111183147244911,8.583455401695986,0.40453082027606235,1.0,8.63117579845067,1.0,0.9984339178080577,0.9972178118199693,8.61140837040683,1.0,0.20004960628150373,1.0,8.61140837040683,1.0,0.0,8.61140837040683,0.0,1.0,8.61140837040683,0.055,8.61140837040683,8.6236847561883,7.774461538461538,9.894769230769231,8.6236847561883,0.40482443518749894,3.491078310658973,5.132606445529326,0.029999999845287513,0.023619999879324262,0.78,0.13854,False,8.5,8.59732,8.834615384615384,27,Pisa,Bologna,SA
Pisa,Bologna,10.5,0.25284,0.74716,3.699093153996562,1.2350810362357558,0.270336528,0.8096634720000001,3.472272254451075,5.111183147244911,8.583455401695986,0.40453082027606235,1.0,8.63117579845067,1.0,0.9984339178080577,0.9972178118199693,8.61140837040683,1.0,0.20004960628150373,1.0,8.61140837040683,1.0,0.0,8.61140837040683,0.0,1.0,8.61140837040683,0.055,8.61140837040683,8.6236847561883,7.774461538461538,9.894769230769231,8.6236847561883,0.40482443518749894,3.491078310658973,5.132606445529326,0.029999999845287513,0.023619999879324262,0.78,0.24716,False,8.5,8.59732,8.834615384615384,27,Pisa,Bologna,SA
Pisa,Bologna,11.5,0.16964,0.83036,5.513314743318149,1.1128163017866648,0.18137908800000002,0.898620912,3.472272254451075,5.111183147244911,8.583455401695986,0.40453082027606235,1.0,8.63117579845067,1.0,0.9984339178080577,0.9972178118199693,8.61140837040683,1.0,0.20004960628150373,1.0,8.61140837040683,1.0,0.0,8.61140837040683,0.0,1.0,8.61140837040683,0.055,8.61140837040683,8.6236847561883,7.774461538461538,9.894769230769231,8.6236847561883,0.40482443518749894,3.491078310658973,5.132606445529326,0.029999999845287513,0.023619999879324262,0.78,0.33036,False,8.5,8.59732,8.834615384615384,27,Pisa,Bologna,SA
Pisa,Bologna,12.5,0.10768,0.89232,8.685723561074393,1.0364106138794384,0.11513145600000001,0.9648685440000001,3.472272254451075,5.111183147244911,8.583455401695986,0.40453082027606235,1.0,8.63117579845067,1.0,0.9984339178080577,0.9972178118199693,8.61140837040683,1.0,0.20004960628150373,1.0,8.61140837040683,1.0,0.0,8.61140837040683,0.0,1.0,8.61140837040683,0.055,8.61140837040683,8.6236847561883,7.774461538461538,9.894769230769231,8.6236847561883,0.40482443518749894,3.491078310658973,5.132606445529326,0.029999999845287513,0.023619999879324262,0.78,0.39232,False,8.5,8.59732,8.834615384615384,27,Pisa,Bologna,SA
Udinese,Fiorentina,7.5,0.66228,0.33772,1.4122104141095773,2.6889655480699055,0.708109776,0.37189022400000005,4.78098512824653,4.250377684087051,9.031362812333581,0.5293758237369702,1.0,8.993980801067124,1.0,1.013577821265283,0.9933785574976005,9.030600328082649,1.0,0.09070656031476604,1.0,9.030600328082649,1.0,0.0,9.030600328082649,0.0,1.0,9.030600328082649,0.12,9.030600328082649,9.007082134866577,7.774461538461538,9.894769230769231,9.007082134866577,0.5343878023772929,4.813274827883125,4.193807306983452,0.029999999845287513,0.023619999879324262,0.78,0.16227999999999998,False,8.5,8.99502,8.834615384615384,27,Udinese,Fiorentina,SA
Udinese,Fiorentina,8.5,0.53622,0.46377999999999997,1.7442070662349234,1.9736572960733996,0.5733264240000001,0.506673576,4.78098512824653,4.250377684087051,9.031362812333581,0.5293758237369702,1.0,8.993980801067124,1.0,1.013577821265283,0.9933785574976005,9.030600328082649,1.0,0.09070656031476604,1.0,9.030600328082649,1.0,0.0,9.030600328082649,0.0,1.0,9.030600328082649,0.12,9.030600328082649,9.007082134866577,7.774461538461538,9.894769230769231,9.007082134866577,0.5343878023772929,4.813274827883125,4.193807306983452,0.029999999845287513,0.023619999879324262,0.78,0.03622000000000003,True,8.5,8.99502,8.834615384615384,27,Udinese,Fiorentina,SA
Udinese,Fiorentina,9.5,0.41178,0.58822,2.271306797456144,1.5631721053863623,0.440275176,0.639724824,4.78098512824653,4.250377684087051,9.031362812333581,0.5293758237369702,1.0,8.993980801067124,1.0,1.013577821265283,0.9933785574976005,9.030600328082649,1.0,0.09070656031476604,1.0,9.030600328082649,1.0,0.0,9.030600328082649,0.0,1.0,9.030600328082649,0.12,9.030600328082649,9.007082134866577,7.774461538461538,9.894769230769231,9.007082134866577,0.5343878023772929,4.813274827883125,4.193807306983452,0.029999999845287513,0.023619999879324262,0.78,0.08822000000000002,False,8.5,8.99502,8.834615384615384,27,Udinese,Fiorentina,SA
Udinese,Fiorentina,10.5,0.3006,0.6994,3.1113729642597834,1.31822041088192,0.32140152,0.7585984800000001,4.78098512824653,4.250377684087051,9.031362812333581,0.5293758237369702,1.0,8.993980801067124,1.0,1.013577821265283,0.9933785574976005,9.030600328082649,1.0,0.09070656031476604,1.0,9.030600328082649,1.0,0.0,9.030600328082649,0.0,1.0,9.030600328082649,0.12,9.030600328082649,9.007082134866577,7.774461538461538,9.894769230769231,9.007082134866577,0.5343878023772929,4.813274827883125,4.193807306983452,0.029999999845287513,0.023619999879324262,0.78,0.19940000000000002,False,8.5,8.99502,8.834615384615384,27,Udinese,Fiorentina,SA
Udinese,Fiorentina,11.5,0.20718,0.79282,4.5143291488391295,1.1648452354470455,0.221516856,0.858483144,4.78098512824653,4.250377684087051,9.031362812333581,0.5293758237369702,1.0,8.993980801067124,1.0,1.013577821265283,0.9933785574976005,9.030600328082649,1.0,0.09070656031476604,1.0,9.030600328082649,1.0,0.0,9.030600328082649,0.0,1.0,9.030600328082649,0.12,9.030600328082649,9.007082134866577,7.774461538461538,9.894769230769231,9.007082134866577,0.5343878023772929,4.813274827883125,4.193807306983452,0.029999999845287513,0.023619999879324262,0.78,0.29281999999999997,False,8.5,8.99502,8.834615384615384,27,Udinese,Fiorentina,SA
Udinese,Fiorentina,12.5,0.1362,0.8638,6.866950903498464,1.0702341595284188,0.14562504,0.9343749600000001,4.78098512824653,4.250377684087051,9.031362812333581,0.5293758237369702,1.0,8.993980801067124,1.0,1.013577821265283,0.9933785574976005,9.030600328082649,1.0,0.09070656031476604,1.0,9.030600328082649,1.0,0.0,9.030600328082649,0.0,1.0,9.030600328082649,0.12,9.030600328082649,9.007082134866577,7.774461538461538,9.894769230769231,9.007082134866577,0.5343878023772929,4.813274827883125,4.193807306983452,0.029999999845287513,0.023619999879324262,0.78,0.3638,False,8.5,8.99502,8.834615384615384,27,Udinese,Fiorentina,SA
